{"run": 0, "accuracy": 0.027, "precision": 1.0, "recall": 0.027, "f1": 0.05258033106134372, "confusion_matrix": [[0, 0], [973, 27]]}
{"run": 1, "accuracy": 0.157, "precision": 1.0, "recall": 0.157, "f1": 0.2713915298184961, "confusion_matrix": [[0, 0], [843, 157]]}
{"run": 2, "accuracy": 0.028, "precision": 1.0, "recall": 0.028, "f1": 0.054474708171206226, "confusion_matrix": [[0, 0], [972, 28]]}
{"run": 3, "accuracy": 0.197, "precision": 1.0, "recall": 0.197, "f1": 0.329156223893066, "confusion_matrix": [[0, 0], [803, 197]]}
{"run": 4, "accuracy": 0.026, "precision": 1.0, "recall": 0.026, "f1": 0.050682261208576995, "confusion_matrix": [[0, 0], [974, 26]]}
{"run": 5, "accuracy": 0.183, "precision": 0.9823880239520959, "recall": 0.183, "f1": 0.2832880065331754, "confusion_matrix": [[18, 0], [817, 165]]}
{"run": 6, "accuracy": 0.035, "precision": 1.0, "recall": 0.035, "f1": 0.06763285024154589, "confusion_matrix": [[0, 0], [965, 35]]}
{"run": 6, "accuracy": 0.035, "precision": 1.0, "recall": 0.035, "f1": 0.06763285024154589, "confusion_matrix": [[0, 0], [965, 35]]}
{"run": 7, "accuracy": 0.211, "precision": 0.994045283018868, "recall": 0.211, "f1": 0.3399898042376137, "confusion_matrix": [[6, 0], [789, 205]]}
{"run": 8, "accuracy": 0.372, "precision": 0.7703676767676768, "recall": 0.372, "f1": 0.2135434290306085, "confusion_matrix": [[362, 0], [628, 10]]}
{"run": 9, "accuracy": 0.641, "precision": 0.7649786120410225, "recall": 0.641, "f1": 0.5611666064527573, "confusion_matrix": [[562, 3], [356, 79]]}
{"run": 10, "accuracy": 0.328, "precision": 0.704711866435282, "recall": 0.328, "f1": 0.18119184017489104, "confusion_matrix": [[313, 2], [670, 15]]}
{"run": 11, "accuracy": 0.593, "precision": 0.7652398472752516, "recall": 0.593, "f1": 0.5298722889190356, "confusion_matrix": [[468, 4], [403, 125]]}
{"run": 12, "accuracy": 0.857, "precision": 0.8774899799599198, "recall": 0.857, "f1": 0.7929633871897382, "confusion_matrix": [[855, 0], [143, 2]]}
{"run": 13, "accuracy": 0.947, "precision": 0.9394653266331657, "recall": 0.947, "f1": 0.925541271062488, "confusion_matrix": [[943, 1], [52, 4]]}
{"run": 14, "accuracy": 0.831, "precision": 0.8596469408224674, "recall": 0.831, "f1": 0.7572220743639921, "confusion_matrix": [[828, 0], [169, 3]]}
{"run": 15, "accuracy": 0.957, "precision": 0.9588545636910731, "recall": 0.957, "f1": 0.9386065126204248, "confusion_matrix": [[954, 0], [43, 3]]}
{"run": 16, "accuracy": 0.956, "precision": 0.913936, "recall": 0.956, "f1": 0.9344948875255624, "confusion_matrix": [[956, 0], [44, 0]]}
{"run": 17, "accuracy": 0.993, "precision": 0.9930490490490491, "recall": 0.993, "f1": 0.9902900831519617, "confusion_matrix": [[992, 0], [7, 1]]}
{"run": 18, "accuracy": 0.971, "precision": 0.942841, "recall": 0.971, "f1": 0.9567133434804668, "confusion_matrix": [[971, 0], [29, 0]]}
{"run": 19, "accuracy": 0.996, "precision": 0.992016, "recall": 0.996, "f1": 0.9940040080160322, "confusion_matrix": [[996, 0], [4, 0]]}
{"run": 20, "accuracy": 0.046, "precision": 1.0, "recall": 0.046, "f1": 0.08795411089866156, "confusion_matrix": [[0, 0], [954, 46]]}
{"run": 21, "accuracy": 0.19, "precision": 1.0, "recall": 0.19, "f1": 0.31932773109243695, "confusion_matrix": [[0, 0], [810, 190]]}
{"run": 22, "accuracy": 0.025, "precision": 1.0, "recall": 0.025, "f1": 0.04878048780487805, "confusion_matrix": [[0, 0], [975, 25]]}
{"run": 23, "accuracy": 0.202, "precision": 1.0, "recall": 0.202, "f1": 0.33610648918469216, "confusion_matrix": [[0, 0], [798, 202]]}
{"run": 24, "accuracy": 0.031, "precision": 1.0, "recall": 0.031, "f1": 0.06013579049466537, "confusion_matrix": [[0, 0], [969, 31]]}
{"run": 25, "accuracy": 0.187, "precision": 0.9679630758327428, "recall": 0.187, "f1": 0.2872249265953432, "confusion_matrix": [[19, 2], [811, 168]]}
{"run": 26, "accuracy": 0.04, "precision": 1.0, "recall": 0.04, "f1": 0.07692307692307693, "confusion_matrix": [[0, 0], [960, 40]]}
{"run": 27, "accuracy": 0.22, "precision": 0.9940458015267176, "recall": 0.22, "f1": 0.3522697170379289, "confusion_matrix": [[6, 0], [780, 214]]}
{"run": 28, "accuracy": 0.354, "precision": 0.7751059535822402, "recall": 0.354, "f1": 0.19593716182093646, "confusion_matrix": [[345, 0], [646, 9]]}
{"run": 29, "accuracy": 0.588, "precision": 0.7375268227190475, "recall": 0.588, "f1": 0.49454445141065834, "confusion_matrix": [[519, 5], [407, 69]]}
{"run": 30, "accuracy": 0.346, "precision": 0.7811129196337742, "recall": 0.346, "f1": 0.1981614081111741, "confusion_matrix": [[329, 0], [654, 17]]}
{"run": 31, "accuracy": 0.603, "precision": 0.730835874208278, "recall": 0.603, "f1": 0.5374635847816162, "confusion_matrix": [[491, 12], [385, 112]]}
{"run": 32, "accuracy": 0.868, "precision": 0.8854414414414414, "recall": 0.868, "f1": 0.8076538849162547, "confusion_matrix": [[867, 0], [132, 1]]}
{"run": 33, "accuracy": 0.951, "precision": 0.9534277047522751, "recall": 0.951, "f1": 0.934713892478771, "confusion_matrix": [[940, 0], [49, 11]]}
{"run": 34, "accuracy": 0.848, "precision": 0.719104, "recall": 0.848, "f1": 0.7782510822510823, "confusion_matrix": [[848, 0], [152, 0]]}
{"run": 35, "accuracy": 0.94, "precision": 0.9352941176470588, "recall": 0.94, "f1": 0.9208768267223383, "confusion_matrix": [[928, 2], [58, 12]]}
{"run": 36, "accuracy": 0.97, "precision": 0.9409, "recall": 0.97, "f1": 0.9552284263959391, "confusion_matrix": [[970, 0], [30, 0]]}
{"run": 37, "accuracy": 0.989, "precision": 0.978121, "recall": 0.989, "f1": 0.9835304172951232, "confusion_matrix": [[989, 0], [11, 0]]}
{"run": 38, "accuracy": 0.972, "precision": 0.944784, "recall": 0.972, "f1": 0.9581987829614604, "confusion_matrix": [[972, 0], [28, 0]]}
{"run": 39, "accuracy": 0.99, "precision": 0.9801, "recall": 0.99, "f1": 0.9850251256281407, "confusion_matrix": [[990, 0], [10, 0]]}
{"run": 40, "accuracy": 0.024, "precision": 1.0, "recall": 0.024, "f1": 0.046875, "confusion_matrix": [[0, 0], [976, 24]]}
{"run": 41, "accuracy": 0.163, "precision": 1.0, "recall": 0.163, "f1": 0.28030954428202925, "confusion_matrix": [[0, 0], [837, 163]]}
{"run": 42, "accuracy": 0.045, "precision": 1.0, "recall": 0.045, "f1": 0.0861244019138756, "confusion_matrix": [[0, 0], [955, 45]]}
{"run": 43, "accuracy": 0.188, "precision": 1.0, "recall": 0.188, "f1": 0.3164983164983165, "confusion_matrix": [[0, 0], [812, 188]]}
{"run": 44, "accuracy": 0.027, "precision": 1.0, "recall": 0.027, "f1": 0.05258033106134372, "confusion_matrix": [[0, 0], [973, 27]]}
{"run": 45, "accuracy": 0.196, "precision": 0.9881764705882352, "recall": 0.196, "f1": 0.3105730820596527, "confusion_matrix": [[12, 0], [804, 184]]}
{"run": 46, "accuracy": 0.035, "precision": 1.0, "recall": 0.035, "f1": 0.06763285024154589, "confusion_matrix": [[0, 0], [965, 35]]}
{"run": 47, "accuracy": 0.225, "precision": 0.9990012886597938, "recall": 0.225, "f1": 0.3659486083443565, "confusion_matrix": [[1, 0], [775, 224]]}
{"run": 48, "accuracy": 0.361, "precision": 0.7457902621722846, "recall": 0.361, "f1": 0.21532912429665127, "confusion_matrix": [[341, 1], [638, 20]]}
{"run": 49, "accuracy": 0.619, "precision": 0.741950528495151, "recall": 0.619, "f1": 0.5275497385096433, "confusion_matrix": [[555, 5], [376, 64]]}
{"run": 50, "accuracy": 0.292, "precision": 0.7245450936209025, "recall": 0.292, "f1": 0.154234308511778, "confusion_matrix": [[275, 2], [706, 17]]}
{"run": 51, "accuracy": 0.612, "precision": 0.7553815953770654, "recall": 0.612, "f1": 0.5448973699728741, "confusion_matrix": [[501, 6], [382, 111]]}
{"run": 52, "accuracy": 0.826, "precision": 0.8563063063063063, "recall": 0.826, "f1": 0.7482879784688995, "confusion_matrix": [[825, 0], [174, 1]]}
{"run": 53, "accuracy": 0.946, "precision": 0.9489306532663316, "recall": 0.946, "f1": 0.9239718491735537, "confusion_matrix": [[941, 0], [54, 5]]}
{"run": 54, "accuracy": 0.853, "precision": 0.7276090000000001, "recall": 0.853, "f1": 0.7853308148947652, "confusion_matrix": [[853, 0], [147, 0]]}
{"run": 55, "accuracy": 0.964,