{"run": 0, "3_clusters": 0.6666666666666666, "4_clusters": 0.5, "5_clusters": 0.4, "6_clusters": 0.5, "7_clusters": 0.42857142857142855}
{"run": 1, "3_clusters": 0.3333333333333333, "4_clusters": 0.5, "5_clusters": 0.6, "6_clusters": 0.5, "7_clusters": 0.42857142857142855}
{"run": 2, "3_clusters": 0.6666666666666666, "4_clusters": 0.5, "5_clusters": 0.6, "6_clusters": 0.6666666666666666, "7_clusters": 0.7142857142857143}
{"run": 3, "3_clusters": 0.6666666666666666, "4_clusters": 0.5, "5_clusters": 0.4, "6_clusters": 0.5, "7_clusters": 0.5714285714285714}
{"run": 4, "3_clusters": 0.3333333333333333, "4_clusters": 0.5, "5_clusters": 0.4, "6_clusters": 0.5, "7_clusters": 0.5714285714285714}
{"run": 5, "3_clusters": 0.3333333333333333, "4_clusters": 0.25, "5_clusters": 0.4, "6_clusters": 0.5, "7_clusters": 0.5714285714285714}
{"run": 6, "3_clusters": 0.3333333333333333, "4_clusters": 0.5, "5_clusters": 0.6, "6_clusters": 0.5, "7_clusters": 0.5714285714285714}
{"run": 6, "3_clusters": 0.3333333333333333, "4_clusters": 0.25, "5_clusters": 0.4, "6_clusters": 0.5, "7_clusters": 0.5714285714285714}
{"run": 7, "3_clusters": 0.0, "4_clusters": 0.0, "5_clusters": 0.0, "6_clusters": 0.0, "7_clusters": 0.0}
{"run": 8, "3_clusters": 1.0, "4_clusters": 0.5, "5_clusters": 0.4, "6_clusters": 0.6666666666666666, "7_clusters": 0.42857142857142855}
{"run": 9, "3_clusters": 1.0, "4_clusters": 1.0, "5_clusters": 1.0, "6_clusters": 1.0, "7_clusters": 1.0}
{"run": 10, "3_clusters": 0.6666666666666666, "4_clusters": 0.75, "5_clusters": 0.6, "6_clusters": 0.5, "7_clusters": 0.5714285714285714}
{"run": 11, "3_clusters": 0.6666666666666666, "4_clusters": 0.75, "5_clusters": 0.8, "6_clusters": 0.6666666666666666, "7_clusters": 0.7142857142857143}
{"run": 12, "3_clusters": 0.6666666666666666, "4_clusters": 0.75, "5_clusters": 0.8, "6_clusters": 0.8333333333333334, "7_clusters": 0.7142857142857143}
{"run": 13, "3_clusters": 1.0, "4_clusters": 0.75, "5_clusters": 0.8, "6_clusters": 0.6666666666666666, "7_clusters": 0.7142857142857143}
{"run": 14, "3_clusters": 1.0, "4_clusters": 1.0, "5_clusters": 0.8, "6_clusters": 1.0, "7_clusters": 0.8571428571428571}
{"run": 15, "3_clusters": 1.0, "4_clusters": 1.0, "5_clusters": 1.0, "6_clusters": 1.0, "7_clusters": 1.0}
{"run": 16, "3_clusters": 0.6666666666666666, "4_clusters": 0.5, "5_clusters": 0.6, "6_clusters": 0.5, "7_clusters": 0.5714285714285714}
{"run": 17, "3_clusters": 0.6666666666666666, "4_clusters": 0.75, "5_clusters": 0.6, "6_clusters": 0.8333333333333334, "7_clusters": 0.7142857142857143}
{"run": 18, "3_clusters": 0.3333333333333333, "4_clusters": 0.5, "5_clusters": 0.4, "6_clusters": 0.5, "7_clusters": 0.42857142857142855}
{"run": 19, "3_clusters": 0.3333333333333333, "4_clusters": 0.75, "5_clusters": 0.8, "6_clusters": 0.6666666666666666, "7_clusters": 0.5714285714285714}
{"run": 20, "3_clusters": 0.3333333333333333, "4_clusters": 0.5, "5_clusters": 0.4, "6_clusters": 0.3333333333333333, "7_clusters": 0.42857142857142855}
{"run": 21, "3_clusters": 0.0, "4_clusters": 0.0, "5_clusters": 0.0, "6_clusters": 0.0, "7_clusters": 0.0}
{"run": 22, "3_clusters": 0.3333333333333333, "4_clusters": 0.75, "5_clusters": 0.4, "6_clusters": 0.6666666666666666, "7_clusters": 0.42857142857142855}
{"run": 23, "3_clusters": 0.3333333333333333, "4_clusters": 0.25, "5_clusters": 0.2, "6_clusters": 0.16666666666666666, "7_clusters": 0.14285714285714285}
{"run": 24, "3_clusters": 0.6666666666666666, "4_clusters": 0.5, "5_clusters": 0.4, "6_clusters": 0.3333333333333333, "7_clusters": 0.2857142857142857}
{"run": 25, "3_clusters": 0.0, "4_clusters": 0.0, "5_clusters": 0.0, "6_clusters": 0.3333333333333333, "7_clusters": 0.2857142857142857}
{"run": 26, "3_clusters": 0.3333333333333333, "4_clusters": 0.25, "5_clusters": 0.4, "6_clusters": 0.5, "7_clusters": 0.7142857142857143}
{"run": 27, "3_clusters": 0.0, "4_clusters": 0.0, "5_clusters": 0.0, "6_clusters": 0.0, "7_clusters": 0.0}
{"run": 28, "3_clusters": 0.6666666666666666, "4_clusters": 0.75, "5_clusters": 0.4, "6_clusters": 0.5, "7_clusters": 0.42857142857142855}
{"run": 29, "3_clusters": 0.6666666666666666, "4_clusters": 0.5, "5_clusters": 0.6, "6_clusters": 0.8333333333333334, "7_clusters": 0.7142857142857143}
{"run": 30, "3_clusters": 0.6666666666666666, "4_clusters": 0.75, "5_clusters": 0.6, "6_clusters": 0.6666666666666666, "7_clusters": 0.42857142857142855}
{"run": 31, "3_clusters": 0.6666666666666666, "4_clusters": 0.75, "5_clusters": 0.8, "6_clusters": 0.8333333333333334, "7_clusters": 0.8571428571428571}
{"run": 32, "3_clusters": 0.6666666666666666, "4_clusters": 0.5, "5_clusters": 0.6, "6_clusters": 0.6666666666666666, "7_clusters": 0.5714285714285714}
{"run": 33, "3_clusters": 0.6666666666666666, "4_clusters": 1.0, "5_clusters": 0.8, "6_clusters": 0.8333333333333334, "7_clusters": 0.8571428571428571}
{"run": 34, "3_clusters": 0.6666666666666666, "4_clusters": 0.5, "5_clusters": 0.6, "6_clusters": 0.6666666666666666, "7_clusters": 0.5714285714285714}
{"run": 35, "3_clusters": 1.0, "4_clusters": 0.75, "5_clusters": 0.8, "6_clusters": 0.8333333333333334, "7_clusters": 0.8571428571428571}
{"run": 36, "3_clusters": 0.6666666666666666, "4_clusters": 0.75, "5_clusters": 0.6, "6_clusters": 0.8333333333333334, "7_clusters": 0.7142857142857143}
{"run": 37, "3_clusters": 0.6666666666666666, "4_clusters": 0.75, "5_clusters": 0.8, "6_clusters": 0.6666666666666666, "7_clusters": 0.7142857142857143}
{"run": 38, "3_clusters": 0.3333333333333333, "4_clusters": 0.25, "5_clusters": 0.4, "6_clusters": 0.3333333333333333, "7_clusters": 0.2857142857142857}
{"run": 39, "3_clusters": 0.6666666666666666, "4_clusters": 0.75, "5_clusters": 0.6, "6_clusters": 0.8333333333333334, "7_clusters": 0.7142857142857143}
{"run": 40, "3_clusters": 0.6666666666666666, "4_clusters": 0.5, "5_clusters": 0.6, "6_clusters": 0.3333333333333333, "7_clusters": 0.42857142857142855}
{"run": 41, "3_clusters": 0.0, "4_clusters": 0.0, "5_clusters": 0.0, "6_clusters": 0.16666666666666666, "7_clusters": 0.14285714285714285}
{"run": 42, "3_clusters": 0.3333333333333333, "4_clusters": 0.25, "5_clusters": 0.2, "6_clusters": 0.3333333333333333, "7_clusters": 0.2857142857142857}
{"run": 43, "3_clusters": 0.0, "4_clusters": 0.0, "5_clusters": 0.0, "6_clusters": 0.0, "7_clusters": 0.14285714285714285}
{"run": 44, "3_clusters": 0.3333333333333333, "4_clusters": 0.25, "5_clusters": 0.2, "6_clusters": 0.3333333333333333, "7_clusters": 0.42857142857142855}
{"run": 45, "3_clusters": 0.3333333333333333, "4_clusters": 0.25, "5_clusters": 0.2, "6_clusters": 0.16666666666666666, "7_clusters": 0.2857142857142857}
{"run": 46, "3_clusters": 0.6666666666666666, "4_clusters": 0.75, "5_clusters": 0.2, "6_clusters": 0.3333333333333333, "7_clusters": 0.5714285714285714}
{"run": 47, "3_clusters": 0.0, "4_clusters": 0.0, "5_clusters": 0.0, "6_clusters": 0.0, "7_clusters": 0.14285714285714285}
{"run": 48, "3_clusters": 0.6666666666666666, "4_clusters": 0.25, "5_clusters": 0.4, "6_clusters": 0.8333333333333334, "7_clusters": 0.5714285714285714}
{"run": 49, "3_clusters": 0.6666666666666666, "4_clusters": 0.75, "5_clusters": 0.8, "6_clusters": 0.8333333333333334, "7_clusters": 0.8571428571428571}
{"run": 50, "3_clusters": 0.6666666666666666, "4_clusters": 1.0, "5_clusters": 0.8, "6_clusters": 0.6666666666666666, "7_clusters": 0.5714285714285714}
{"run": 51, "3_clusters": 1.0, "4_clusters": 1.0, "5_clusters": 0.8, "6_clusters": 0.8333333333333334, "7_clusters": 0.8571428571428571}
{"run": 52, "3_clusters": 1.0, "4_clusters": 1.0, "5_clusters": 0.8, "6_clusters": 0.6666666666666666, "7_clusters": 0.5714285714285714}
{"run": 53, "3_clusters": 1.0, "4_clusters": 1.0, "5_clusters": 1.0, "6_clusters": 0.8333333333333334, "7_clusters": 0.7142857142857143}
{"run": 54, "3_clusters": 0.6666666666666666, "4_clusters": 0.75, "5_clusters": 0.6, "6_clusters": 0.6666666666666666, "7_clusters": 0.5714285714285714}
{"run": 55, "3_clusters": 1.0, "4_clusters": 1.0, "5_clusters": 1.0,