{"run": 0, "monofact_rate": 0.995, "miscalibration_rate": 0.4730145530145533, "facts_to_possible_hallucinations_ratio": 0.37452949145966374, "estimated_hallucinations_rate": -0.10003141788950864, "naive_hallucinations_rate": 0.05, "true_hallucinations_rate": 0.05}
{"run": 0, "monofact_rate": 0.995, "miscalibration_rate": 0.4460000000000003, "facts_to_possible_hallucinations_ratio": 0.37452949145966374, "estimated_hallucinations_rate": -0.07301686487495562, "naive_hallucinations_rate": 0.019, "true_hallucinations_rate": 0.019}
{"run": 0, "monofact_rate": 0.995, "miscalibration_rate": 0.4570000000000003, "facts_to_possible_hallucinations_ratio": 0.37452949145966374, "estimated_hallucinations_rate": -0.08401686487495563, "naive_hallucinations_rate": 0.042, "true_hallucinations_rate": 0.042}
{"run": 0, "monofact_rate": 0.995, "miscalibration_rate": 0.44400000000000034, "facts_to_possible_hallucinations_ratio": 0.37452949145966374, "estimated_hallucinations_rate": -0.07101686487495562, "naive_hallucinations_rate": 0.02, "true_hallucinations_rate": 0.02}
{"run": 0, "monofact_rate": 0.995, "miscalibration_rate": 0.44200000000000034, "facts_to_possible_hallucinations_ratio": 0.37452949145966374, "estimated_hallucinations_rate": -0.06901686487495562, "naive_hallucinations_rate": 0.018, "true_hallucinations_rate": 0.018}
{"run": 0, "monofact_rate": 0.995, "miscalibration_rate": 0.4670000000000003, "facts_to_possible_hallucinations_ratio": 0.37452949145966374, "estimated_hallucinations_rate": -0.09401686487495564, "naive_hallucinations_rate": 0.027, "true_hallucinations_rate": 0.027}
{"run": 1, "monofact_rate": 0.924, "miscalibration_rate": 0.9150862561407536, "facts_to_possible_hallucinations_ratio": 0.036065272658477525, "estimated_hallucinations_rate": -0.10541390801172368, "naive_hallucinations_rate": 0.169, "true_hallucinations_rate": 0.167}
{"run": 0, "monofact_rate": 0.995, "miscalibration_rate": 0.44500000000000034, "facts_to_possible_hallucinations_ratio": 0.37452949145966374, "estimated_hallucinations_rate": -0.07201686487495573, "naive_hallucinations_rate": 0.037, "true_hallucinations_rate": 0.036}
{"run": 0, "monofact_rate": 0.995, "miscalibration_rate": 0.45200659340659355, "facts_to_possible_hallucinations_ratio": 0.37452949145966374, "estimated_hallucinations_rate": -0.07902345828154889, "naive_hallucinations_rate": 0.027, "true_hallucinations_rate": 0.027}
{"run": 1, "monofact_rate": 0.924, "miscalibration_rate": 0.9125867909423632, "facts_to_possible_hallucinations_ratio": 0.036065272658477525, "estimated_hallucinations_rate": -0.10291444281333328, "naive_hallucinations_rate": 0.157, "true_hallucinations_rate": 0.156}
{"run": 2, "monofact_rate": 1.0, "miscalibration_rate": 0.4370801781737197, "facts_to_possible_hallucinations_ratio": 0.37546933667083854, "estimated_hallucinations_rate": -0.06003688825984982, "naive_hallucinations_rate": 0.028, "true_hallucinations_rate": 0.028}
{"run": 3, "monofact_rate": 0.97575, "miscalibration_rate": 0.9237986618405201, "facts_to_possible_hallucinations_ratio": 0.0370451989244047, "estimated_hallucinations_rate": -0.0633562399774174, "naive_hallucinations_rate": 0.197, "true_hallucinations_rate": 0.197}
{"run": 4, "monofact_rate": 0.9775, "miscalibration_rate": 0.4470000000000003, "facts_to_possible_hallucinations_ratio": 0.3712400795358013, "estimated_hallucinations_rate": -0.08822745295109313, "naive_hallucinations_rate": 0.026, "true_hallucinations_rate": 0.026}
{"run": 5, "monofact_rate": 0.855625, "miscalibration_rate": 0.9027732633863974, "facts_to_possible_hallucinations_ratio": 0.03447583648908657, "estimated_hallucinations_rate": -0.15988647908797665, "naive_hallucinations_rate": 0.165, "true_hallucinations_rate": 0.165}
{"run": 6, "monofact_rate": 0.9925, "miscalibration_rate": 0.46000000000000035, "facts_to_possible_hallucinations_ratio": 0.37405957105958515, "estimated_hallucinations_rate": -0.08904694447487699, "naive_hallucinations_rate": 0.035, "true_hallucinations_rate": 0.035}
{"run": 7, "monofact_rate": 0.940875, "miscalibration_rate": 0.9172935418541877, "facts_to_possible_hallucinations_ratio": 0.03628094966045972, "estimated_hallucinations_rate": -0.09096187072714, "naive_hallucinations_rate": 0.206, "true_hallucinations_rate": 0.205}
{"run": 8, "monofact_rate": 0.5275, "miscalibration_rate": 0.27101369863013713, "facts_to_possible_hallucinations_ratio": 0.2293940213694526, "estimated_hallucinations_rate": -0.2203950934148814, "naive_hallucinations_rate": 0.01, "true_hallucinations_rate": 0.01}
{"run": 9, "monofact_rate": 0.364375, "miscalibration_rate": 0.5124830970508446, "facts_to_possible_hallucinations_ratio": 0.016618107987387738, "estimated_hallucinations_rate": -0.24298858425072498, "naive_hallucinations_rate": 0.083, "true_hallucinations_rate": 0.082}
{"run": 10, "monofact_rate": 0.58875, "miscalibration_rate": 0.3007183673469388, "facts_to_possible_hallucinations_ratio": 0.247234832432331, "estimated_hallucinations_rate": -0.2066905731945614, "naive_hallucinations_rate": 0.017, "true_hallucinations_rate": 0.017}
{"run": 11, "monofact_rate": 0.41975, "miscalibration_rate": 0.5648887362132353, "facts_to_possible_hallucinations_ratio": 0.018549584386022118, "estimated_hallucinations_rate": -0.24195069981175005, "naive_hallucinations_rate": 0.13, "true_hallucinations_rate": 0.129}
{"run": 12, "monofact_rate": 0.09125, "miscalibration_rate": 0.29641008316008316, "facts_to_possible_hallucinations_ratio": 0.054853777956282636, "estimated_hallucinations_rate": -0.5075012345316574, "naive_hallucinations_rate": 0.002, "true_hallucinations_rate": 0.002}
{"run": 13, "monofact_rate": 0.043, "miscalibration_rate": 0.3700855172413793, "facts_to_possible_hallucinations_ratio": 0.0024843955739008465, "estimated_hallucinations_rate": -0.40783229202777277, "naive_hallucinations_rate": 0.005, "true_hallucinations_rate": 0.005}
{"run": 14, "monofact_rate": 0.10375, "miscalibration_rate": 0.27065170940170946, "facts_to_possible_hallucinations_ratio": 0.058605196327407696, "estimated_hallucinations_rate": -0.4729942791444087, "naive_hallucinations_rate": 0.003, "true_hallucinations_rate": 0.003}
{"run": 15, "monofact_rate": 0.043125, "miscalibration_rate": 0.357744568351194, "facts_to_possible_hallucinations_ratio": 0.0025078334639203623, "estimated_hallucinations_rate": -0.39538978102760697, "naive_hallucinations_rate": 0.003, "true_hallucinations_rate": 0.003}
{"run": 16, "monofact_rate": 0.02, "miscalibration_rate": 0.6930357142857143, "facts_to_possible_hallucinations_ratio": 0.015000750037501875, "estimated_hallucinations_rate": -0.9355238377385078, "naive_hallucinations_rate": 0, "true_hallucinations_rate": 0}
{"run": 17, "monofact_rate": 0.0075, "miscalibration_rate": 0.8700625, "facts_to_possible_hallucinations_ratio": 0.000553126019826099, "estimated_hallucinations_rate": -0.9413780052323187, "naive_hallucinations_rate": 0.001, "true_hallucinations_rate": 0.001}
{"run": 18, "monofact_rate": 0.02375, "miscalibration_rate": 0.7619189189189188, "facts_to_possible_hallucinations_ratio": 0.017344752743517985, "estimated_hallucinations_rate": -1.0030010450777282, "naive_hallucinations_rate": 0, "true_hallucinations_rate": 0}
{"run": 19, "monofact_rate": 0.00675, "miscalibration_rate": 0.8879844961240311, "facts_to_possible_hallucinations_ratio": 0.0005109383701919117, "estimated_hallucinations_rate": -0.9600078137067156, "naive_hallucinations_rate": 0, "true_hallucinations_rate": 0}
{"run": 20, "monofact_rate": 1.0, "miscalibration_rate": 0.45400000000000035, "facts_to_possible_hallucinations_ratio": 0.37546933667083854, "estimated_hallucinations_rate": -0.07695671008613053, "naive_hallucinations_rate": 0.046, "true_hallucinations_rate": 0.046}
{"run": 21, "monofact_rate": 0.91925, "miscalibration_rate": 0.9176951205576528, "facts_to_possible_hallucinations_ratio": 0.035966811521531146, "estimated_hallucinations_rate": -0.11267431129167657, "naive_hallucinations_rate": 0.191,